{
  "rank1": 0.795254653303334,
  "rank5": 0.7979136837799141,
  "rank10": 0.7981182245858048,
  "map": 0.13466775547678553,
  "threshold": 0.7,
  "precision": 6.995377063705063e-05,
  "recall": 1.0,
  "f1": 0.00013989775489864245,
  "fpr": 1.0,
  "fnr": 0.0,
  "tp": 70381,
  "fp": 1006036929,
  "fn": 0,
  "tn": 0,
  "optimal_threshold": {
    "threshold": 1.0,
    "precision": 0.9930333270570514,
    "recall": 0.07493499666103068,
    "f1": 0.13935422501717484,
    "fpr": 3.677797398230498e-08,
    "fnr": 0.9250650033389693
  },
  "confidence_margin": 8.155695473777135e-06,
  "intra_class": 0.9993041855657709,
  "inter_class": 0.9989389655829395,
  "separation_ratio": 1.0003656079054022,
  "aggregate_score": 0.4380556328456824
}