{
  "rank1": 0.7979136837799141,
  "rank5": 0.7981182245858048,
  "rank10": 0.7983227653916957,
  "map": 0.14856735085933628,
  "threshold": 0.7,
  "precision": 0.002176018786148626,
  "recall": 0.3227291456501044,
  "f1": 0.004322890250087784,
  "fpr": 0.010353113985937985,
  "fnr": 0.6772708543498955,
  "tp": 22714,
  "fp": 10415615,
  "fn": 47667,
  "tn": 995621314,
  "optimal_threshold": {
    "threshold": 0.71,
    "precision": 0.0024446961814785216,
    "recall": 0.30610534093008057,
    "f1": 0.0048506528477997345,
    "fpr": 0.008738250800334189,
    "fnr": 0.6938946590699194
  },
  "confidence_margin": 0.14589851357438857,
  "intra_class": 0.5986990217654716,
  "inter_class": 0.2762586978140469,
  "separation_ratio": 2.1671680439486587,
  "aggregate_score": 0.4443916251977755
}