{
  "rank1": 0.7981182245858048,
  "rank5": 0.7985273061975864,
  "rank10": 0.7988341174064226,
  "map": 0.14469802209602656,
  "threshold": 0.7,
  "precision": 0.003982668531025838,
  "recall": 0.20165953879598186,
  "f1": 0.007811072537913393,
  "fpr": 0.0035281985160606367,
  "fnr": 0.7983404612040181,
  "tp": 14193,
  "fp": 3549498,
  "fn": 56188,
  "tn": 1002487431,
  "optimal_threshold": {
    "threshold": 0.65,
    "precision": 0.0019065251109205864,
    "recall": 0.2593029368721672,
    "f1": 0.0037852193923530275,
    "fpr": 0.009496807447711494,
    "fnr": 0.7406970631278328
  },
  "confidence_margin": 0.2007724810186157,
  "intra_class": 0.5333905571907382,
  "inter_class": 0.2956903723340631,
  "separation_ratio": 1.8038820573709036,
  "aggregate_score": 0.4440307334292931
}