{
  "rank1": 0.7786868480261813,
  "rank5": 0.7901411331560646,
  "rank10": 0.7944364900797709,
  "map": 0.13066971038576514,
  "threshold": 0.7,
  "precision": 6.995377063705063e-05,
  "recall": 1.0,
  "f1": 0.00013989775489864245,
  "fpr": 1.0,
  "fnr": 0.0,
  "tp": 70381,
  "fp": 1006036929,
  "fn": 0,
  "tn": 0,
  "optimal_threshold": {
    "threshold": 1.0,
    "precision": 0.7178151709401709,
    "recall": 0.07637004305139171,
    "f1": 0.13805237000603576,
    "fpr": 2.10032051417866e-06,
    "fnr": 0.9236299569486083
  },
  "confidence_margin": 4.651396719359586e-06,
  "intra_class": 0.999659996839729,
  "inter_class": 0.9989680461154743,
  "separation_ratio": 1.0006926655231319,
  "aggregate_score": 0.4285723166797999
}